Marca Temporal;Cantidad;Método;Tipo;Ingreso - Categoría;Gasto - Categoría;Descripción;Mes;Anio
14/2/2025 18:33;27000;Mercado Pago;?? Gasto;;Reserva;Guille;2;2025
15/2/2025 09:12;4300;Mercado Pago;?? Gasto;;Caro;Starbucks Café;2;2025
15/2/2025 17:12;5000;Mercado Pago;?? Gasto;Sube;;;2;2025
15/2/2025 19:16;12000;Mercado Pago;?? Ingreso;Trabajo;;Cresci;2;2025
16/2/2025 17:42;20000;Mercado Pago;?? Gasto;;Ahorro;;2;2025
17/2/2025 15:08;1700;Mercado Pago;?? Gasto;;Ocio;Alfajor Caty;2;2025
17/2/2025 21:17;28000;Mercado Pago;?? Ingreso;Trabajo;;Nasjleti;2;2025
17/2/2025 21:17;4;Mercado Pago;?? Deuda;;;Nasjleti;2;2025
18/2/2025 08:13;1000;Mercado Pago;?? Gasto;;Caro;Cine Fan;2;2025
18/2/2025 14:16;12000;4;?? Ingreso;Trabajo;;Cresci;2;2025
18/2/2025 21:17;24000;Mercado Pago;?? Deuda;;;Cresci;2;2025
18/2/2025 21:21;2950;Mercado Pago;?? Gasto;;Impresiones;Resumen admin;2;2025
20/2/2025 12:34;12000;Mercado Pago;?? Ingreso;Trabajo;;Nasjleti;2;2025
20/2/2025 16:32;6470;Mercado Pago;?? Gasto;;Caro;Almuerzo Crypto;2;2025
20/2/2025 16:33;15399;Mercado Pago;?? Gasto;;Caro;Sushi;2;2025
20/2/2025 16:33;8500;Mercado Pago;?? Gasto;;Caro;Jevi coca y doritos;2;2025
20/2/2025 16:33;8400;Mercado Pago;?? Gasto;;Caro;Desayuno Insólito;2;2025
21/2/2025 07:49;5000;Mercado Pago;?? Gasto;;Sube;;2;2025
21/2/2025 12:28;1400;Mercado Pago;?? Gasto;;Gematic;Don Satur;2;2025
21/2/2025 12:34;12000;Mercado Pago;?? Deuda;;;Nasjleti;2;2025
21/2/2025 14:40;13000;Mercado Pago;?? Gasto;;Caro;Cinna and Co;2;2025
22/2/2025 17:03;7500;Mercado Pago;?? Gasto;;Fútbol;Partido Pedro;2;2025
22/2/2025 22:56;8812;Mercado Pago;?? Gasto;;Caro;Subway;2;2025
23/2/2025 11:56;8000;Mercado Pago;?? Gasto;;Caro;Tequeños;2;2025
26/2/2025 17:11;1400;Mercado Pago;?? Gasto;;Gematic;Don satur;2;2025
26/2/2025 17:13;2100;Mercado Pago;?? Gasto;;Caro;Alfajores Rasta;2;2025
26/2/2025 17:23;2691,13;Mercado Pago;?? Gasto;;Caro;Hacienda Caro;2;2025
28/2/2025 15:00;20000;Mercado Pago;?? Gasto;Transferencia;;;2;2025
28/2/2025 16:00;20000;Efectivo;?? Ingreso;Transferencia;;;2;2025
1/3/2025 16:37;25088,97;Mercado Pago;?? Gasto;;Gym;Planet Fit;3;2025
2/3/2025 15:57;80811,15;Mercado Pago;?? Ingreso;Mamá/Papá;;Mensualidad;3;2025
6/3/2025 11:02;10327,46;Mercado Pago;?? Gasto;;Ocio;1/3 Cuota Memoria Ram;3;2025
6/3/2025 11:04;9397,57;Mercado Pago;?? Ingreso;Reserva;;;3;2025
6/3/2025 11:05;27305,28;Mercado Pago;?? Ingreso;Mamá/Papá;;Diferencia Cuota UCA;3;2025
6/3/2025 11:06;15700;Mercado Pago;?? Gasto;;Ahorro;;3;2025
6/3/2025 16:31;5700;Mercado Pago;?? Gasto;;Ocio;Helado El Fundador;3;2025
8/3/2025 17:28;21000;Mercado Pago;?? Gasto;;Caro;Café insólito desayuno;3;2025
8/3/2025 17:29;10000;Mercado Pago;?? Gasto;;Regalo;Stickers Caro y Caty;3;2025
8/3/2025 17:39;6000;Mercado Pago;?? Gasto;;Caro;Flores Caro;3;2025
8/3/2025 19:22;9500;Mercado Pago;?? Gasto;;Caro;Cinta Monoblock;3;2025
9/3/2025 11:46;10500;Mercado Pago;?? Gasto;;Caro;Medialunes Mantequería;3;2025
12/3/2025 23:34;10000;Mercado Pago;?? Ingreso;;;Cayó del cielo;3;2025
13/3/2025 13:05;11549;Mercado Pago;?? Gasto;;Caro;McDonald Ensalada Caesar;3;2025
14/3/2025 12:58;5600;Mercado Pago;?? Gasto;;Caro;Crema + Coca (Almuerzo Caro);3;2025
14/3/2025 17:00;9100;Mercado Pago;?? Gasto;;Caro;Merienda Insólito;3;2025
16/3/2025 03:51;20450;Mercado Pago;?? Gasto;;Ocio;Tragos Hollywood;3;2025
16/3/2025 17:51;10500;Mercado Pago;?? Gasto;;Caro;Ensaimada Caro;3;2025
17/3/2025 00:10;30650;Mercado Pago;?? Deuda;;;Joaco - San Pedro;3;2025
17/3/2025 00:12;11500;Mercado Pago;?? Deuda;;;Papá - Helado SP;3;2025
17/3/2025 14:11;3000;Mercado Pago;?? Gasto;;Ocio;Rifa Vanse;3;2025
17/3/2025 14:18;53000;Mercado Pago;?? Gasto;;Caro;Cumple caro - Cena y teatro;3;2025
31/3/2025 17:07;109161,21;Mercado Pago;?? Gasto;;Ocio;Marzo;3;2025
1/4/2025 17:09;1200000;Mercado Pago;?? Ingreso;Trabajo;;Trabajo;4;2025
1/4/2025 17:13;360780;Mercado Pago;?? Gasto;;VidaAdulta;Facultad;4;2025
1/4/2025 17:29;259996,04;Mercado Pago;?? Gasto;;Ahorro;Locura Marzo;4;2025
1/4/2025 19:34;25392,99;Mercado Pago;?? Gasto;;Ocio;Auriculares;4;2025
1/4/2025 19:47;74223,96;Mercado Pago;?? Gasto;;Ahorro;;4;2025
1/4/2025 19:51;300000;Mercado Pago;?? Gasto;;Reserva;;4;2025
1/4/2025 19:57;5000;Mercado Pago;?? Gasto;;Transferencia;;4;2025
1/4/2025 19:57;5000;Efectivo;?? Ingreso;Transferencia;;;4;2025
1/4/2025 23:57;50400;Mercado Pago;?? Gasto;;Caro;Cena Pastas;4;2025
1/4/2025 23:58;8740;Mercado Pago;?? Gasto;;Caro;Estacionamiento;4;2025
1/4/2025 23:59;5000;Efectivo;?? Gasto;;Caro;Propina;4;2025
3/4/2025 13:01;12900;Mercado Pago;?? Gasto;;Ocio;Almuerzo Sonna;4;2025
4/4/2025 08:01;49500;Mercado Pago;?? Gasto;;Gym;Planet Gym;4;2025
4/4/2025 20:20;7300;Mercado Pago;?? Gasto;;Ocio;Starbucks;4;2025
4/4/2025 20:20;9140;Mercado Pago;?? Gasto;;Ocio;Alcohol Guarnieri;4;2025
5/4/2025 19:21;22500;Mercado Pago;?? Gasto;;Ocio;2x Tragos Cruza;4;2025
5/4/2025 19:22;4500;Efectivo;?? Ingreso;Transferencia;;Bloomberg Trago;4;2025
6/4/2025 12:25;7600;Mercado Pago;?? Gasto;;Ocio;Snack y Gaseosa Tomy;4;2025
6/4/2025 12:31;12696,5;Mercado Pago;?? Ingreso;Reserva;;;4;2025
6/4/2025 12:34;12696,5;Mercado Pago;?? Deuda;;;2/2 cuotas auriculares;4;2025
6/4/2025 13:02;6583,4;Mercado Pago;?? Gasto;;Ocio;Cena casa Martu;4;2025
7/4/2025 16:37;80000;Mercado Pago;?? Ingreso;Reserva;;RAM;4;2025
7/4/2025 16:38;80000;Mercado Pago;?? Gasto;;PC;RAMs;4;2025
7/4/2025 16:43;80000;Mercado Pago;?? Deuda;;;RAM;4;2025
8/4/2025 16:50;1200;Mercado Pago;?? Gasto;;Gematic;Pepas;4;2025
8/4/2025 20:42;4000;Mercado Pago;?? Gasto;;Sube;;4;2025
10/4/2025 16:23;50000;Mercado Pago;?? Ingreso;Reserva;;No tengo plata;4;2025
10/4/2025 18:38;50000;#NAME?;?? Deuda;;;No tengo plata;4;2025
10/4/2025 20:23;8200;Mercado Pago;?? Gasto;;Regalo;Regalo Gaspi;4;2025
11/4/2025 10:05;9612;Mercado Pago;?? Gasto;;Fútbol;Pedro;4;2025
11/4/2025 13:08;608,3;Mercado Pago;?? Gasto;;Sube;Subte;4;2025
11/4/2025 14:03;3972,15;Mercado Pago;?? Gasto;;Ocio;Café Martinez;4;2025
12/4/2025 18:05;3600;Mercado Pago;?? Gasto;;Fútbol;Nicky;4;2025
13/4/2025 07:03;5064,36;Mercado Pago;?? Ingreso;Worldcoin;;;4;2025
17/4/2025 17:03;8500;Mercado Pago;?? Gasto;;Ocio;Chipa y Cafe El Topo;4;2025
17/4/2025 17:03;5000;Mercado Pago;?? Gasto;;Sube;;4;2025
17/4/2025 17:29;869;Mercado Pago;?? Gasto;;Sube;;4;2025
17/4/2025 17:34;1300;Efectivo;?? Gasto;;Ocio;Ni idea;4;2025
17/4/2025 17:35;42951,25;Mercado Pago;?? Deuda;;VidaAdulta;Monotributo;4;2025
18/4/2025 18:46;7700;Mercado Pago;?? Gasto;;Ocio;Chipa y pepas Tía;4;2025
18/4/2025 18:46;1660;Mercado Pago;?? Gasto;;Ocio;Deuda Uber;4;2025
21/4/2025 12:36;3000;Mercado Pago;?? Gasto;;Regalo;Lu V y Fer A;4;2025
21/4/2025 12:41;1;Mercado Pago;?? Deuda;;;Uber Rock&Feller;4;2025
21/4/2025 13:35;5800;Mercado Pago;?? Gasto;;Caro;Chocolates Kiosco;4;2025
21/4/2025 18:40;50000;Mercado Pago;?? Deuda;;;No tengo plata;4;2025
21/4/2025 18:48;50000;Mercado Pago;?? Ingreso;Reserva;;No tengo plata;4;2025
22/4/2025 19:55;1400;Mercado Pago;?? Gasto;;Gematic;Don Satur;4;2025
23/4/2025 19:03;1400;Mercado Pago;?? Gasto;;Gematic;Son Satur;4;2025
24/4/2025 18:04;5000;Mercado Pago;?? Gasto;;Sube;;4;2025
24/4/2025 18:04;4100;Mercado Pago;?? Gasto;;Ocio;Café Starbucks;4;2025
24/4/2025 18:05;7600;Mercado Pago;?? Gasto;;Caro;Chocolates;4;2025
25/4/2025 18:07;10000;Mercado Pago;?? Gasto;;Ocio;Almuerzo Sanguche Milanesa;4;2025
26/4/2025 18:08;8600;Mercado Pago;?? Gasto;;Ocio;Fernet mas coca Funes;4;2025
26/4/2025 18:15;5275;Mercado Pago;?? Gasto;;Fútbol;Fulbito Fontecha;4;2025
29/4/2025 18:15;6700;Mercado Pago;?? Gasto;;Ocio;Cena pos misa;4;2025
30/4/2025 18:15;5000;Mercado Pago;?? Gasto;;Sube;;4;2025
30/4/2025 21:15;12800;Mercado Pago;?? Gasto;;Caro;Patitas de pollo...;4;2025
30/4/2025 23:59;80000;Mercado Pago;?? Gasto;;VidaAdulta;RAMs;4;2025
30/4/2025 23:59;42951,25;Mercado Pago;?? Gasto;;VidaAdulta;Monotributo;4;2025
30/4/2025 23:59;13799;Mercado Pago;?? Gasto;;Ocio;Uber Rock&Feller;4;2025
5/5/2025 19:46;1200000;Mercado Pago;?? Ingreso;Trabajo;;CFRF;5;2025
5/5/2025 19:50;360930;Mercado Pago;?? Gasto;;VidaAdulta;Facultad;5;2025
5/5/2025 19:53;42951,25;Mercado Pago;?? Gasto;;VidaAdulta;Monotributo ARCA;5;2025
5/5/2025 22:02;50000;Mercado Pago;?? Ingreso;Clase;;Vicky Dinetti;5;2025
5/5/2025 22:20;100000;Mercado Pago;?? Gasto;;Ahorro;Balanz;5;2025
6/5/2025 13:37;29975,55;Mercado Pago;?? Gasto;;GPT;GPT suscripción;5;2025
6/5/2025 13:42;11000;Mercado Pago;?? Gasto;;Caro;Mantequería;5;2025
8/5/2025 12:30;4720;Mercado Pago;?? Gasto;;Ocio;Cafe - Cafe Martinez;5;2025
8/5/2025 12:30;5100;Mercado Pago;?? Gasto;;Ocio;Conito + alfajor caro - Cafe Martinez;5;2025
8/5/2025 12:33;619302,47;Mercado Pago;?? Gasto;;Reserva;;5;2025
8/5/2025 13:52;3027,7;Mercado Pago;?? Gasto;;Ocio;Galletas Arroz - Garavaglia;5;2025
8/5/2025 13:59;5952,1;Mercado Pago;?? Gasto;;GMSTA;Cena Rodaje;5;2025
9/5/2025 13:54;22500;Mercado Pago;?? Gasto;;Ocio;Nacha - Ronda Cena;5;2025
10/5/2025 13:57;6387,5;Mercado Pago;?? Gasto;;Ocio;Minigolf - Nacha;5;2025
10/5/2025 13:58;1700;Mercado Pago;?? Gasto;;Ocio;Aguas - Vuelta Nacha;5;2025
10/5/2025 13:59;1900;Mercado Pago;?? Gasto;;Caro;Regaliz Bulldog;5;2025
11/5/2025 13:59;14000;Mercado Pago;?? Gasto;;Caro;Poke Salad;5;2025
11/5/2025 14:01;2400;Mercado Pago;?? Gasto;;Ocio;Medialunas y Figazzas;5;2025
11/5/2025 21:24;1600;Mercado Pago;?? Gasto;;Caro;Pepsi chiste secta;5;2025
14/5/2025 21:31;1700;Mercado Pago;?? Gasto;;Gematic;Gematic;5;2025
15/5/2025 21:32;5000;Mercado Pago;?? Gasto;;Sube;Sube;5;2025
15/5/2025 21:32;10800;Mercado Pago;?? Gasto;;Gematic;Sonna;5;2025
16/5/2025 11:17;55000;Mercado Pago;?? Ingreso;Reserva;;Balanz;5;2025
16/5/2025 11:17;55000;Mercado Pago;?? Gasto;;Ahorro;Balanz;5;2025
16/5/2025 16:56;12595;Mercado Pago;?? Gasto;;GMSTA;Cabify Rodaje Perassi;5;2025
16/5/2025 16:56;12595;Mercado Pago;?? Ingreso;Reserva;;Cabify Rodaje Perassi;5;2025
17/5/2025 16:40;50000;Mercado Pago;?? Ingreso;Reserva;;No hay plata;5;2025
17/5/2025 16:41;3500;Mercado Pago;?? Gasto;;Caro;Chocolates Caro;5;2025
19/5/2025 16:30;55000;Mercado Pago;?? Ingreso;Reserva;;Seña Bicicleta service;5;2025
19/5/2025 16:30;55000;Mercado Pago;?? Gasto;;Bicicleta;Seña Bicicleta service;5;2025
19/5/2025 16:53;25200;Mercado Pago;?? Gasto;;Transferencia;Transferencia;5;2025
19/5/2025 16:53;25200;Efectivo;?? Ingreso;Transferencia;;;5;2025
20/5/2025 19:10;1900;Mercado Pago;?? Gasto;;Gematic;Melba;5;2025
22/5/2025 08:09;1900;Mercado Pago;?? Gasto;;Gematic;UCA;5;2025
22/5/2025 11:09;110000;Mercado Pago;?? Ingreso;Reserva;;Viator;5;2025
22/5/2025 11:09;110000;Mercado Pago;?? Gasto;;GMSTA;Viator;5;2025
22/5/2025 16:09;3125;Mercado Pago;?? Gasto;;Fútbol;Fulbo;5;2025
22/5/2025 21:09;5100;Mercado Pago;?? Gasto;;GMSTA;Empanadas Rodaje;5;2025
23/5/2025 19:20;20740;Mercado Pago;?? Gasto;;Caro;Bebida, doritos, chocolate, gomistas;5;2025
23/5/2025 19:20;30620;Mercado Pago;?? Gasto;;Suscripciones/Cuotas;Suscripción GPT;5;2025
24/5/2025 10:09;6100;Mercado Pago;?? Gasto;;Caro;Mantequería;5;2025
25/5/2025 08:09;369;Mercado Pago;?? Gasto;;Sube;Sube;5;2025
26/5/2025 13:48;919;Mercado Pago;?? Gasto;;Fútbol;Sube;5;2025
26/5/2025 16:48;5000;Mercado Pago;?? Gasto;;;Alfajores;5;2025
28/5/2025 16:48;4000;Mercado Pago;?? Gasto;;Sube;Sube;5;2025
28/5/2025 16:48;13750;Mercado Pago;?? Gasto;;Ocio;Golosinas Viator;5;2025
28/5/2025 16:48;22000;Mercado Pago;?? Gasto;;Ocio;Reparación botines;5;2025
31/5/2025 09:20;336707,47;Mercado Pago;?? Ingreso;Reserva;;;5;2025
31/5/2025 11:44;25168,87;Mercado Pago;?? Gasto;;Corrección;Correción Mayo;5;2025
31/5/2025 23:58;25200;Efectivo;?? Gasto;;Transferencia;;5;2025
31/5/2025 23:59;25200;Mercado Pago;?? Ingreso;Transferencia;;;5;2025
31/5/2025 23:59;251389,03;Mercado Pago;?? Gasto;;Ahorro;;5;2025
1/6/2025 09:12;1200000;Mercado Pago;?? Ingreso;Trabajo;;CFRF;6;2025
1/6/2025 18:04;8600;Mercado Pago;?? Gasto;;Caro;Esperarndo a Caro en Cafe;6;2025
2/6/2025 14:06;5600;Mercado Pago;?? Gasto;;Ocio;Alfajores;6;2025
2/6/2025 21:06;4800;Mercado Pago;?? Gasto;;Ocio;Pizza Paula Montal;6;2025
3/6/2025 07:13;2800;Mercado Pago;?? Gasto;;Caro;Medialunas Caro;6;2025
3/6/2025 07:59;5400;Mercado Pago;?? Gasto;;Ocio;Cafe Starbucks;6;2025
3/6/2025 08:03;3200;Mercado Pago;?? Gasto;;Ocio;Medialunas Sonna;6;2025
3/6/2025 09:07;360780;Mercado Pago;?? Gasto;;VidaAdulta;Facultad;6;2025
3/6/2025 16:07;1200;Mercado Pago;?? Gasto;;Gematic;Pepas;6;2025
4/6/2025 07:01;1000;Mercado Pago;?? Gasto;;Ocio;Caramelitos de miel;6;2025
4/6/2025 11:42;2000;Mercado Pago;?? Gasto;;Sube;Sube;6;2025
6/6/2025 11:43;16500;Mercado Pago;?? Gasto;;Vivi;Vivi;6;2025
6/6/2025 11:46;12900;Mercado Pago;?? Gasto;;Ocio;Mi Gusto - UCA;6;2025
6/6/2025 11:46;40500;Mercado Pago;?? Gasto;;Caro;Franks Grill;6;2025
6/6/2025 11:47;5000;Mercado Pago;?? Gasto;;Ocio;Juguitos Desayuno;6;2025
6/6/2025 11:48;2800;Mercado Pago;?? Gasto;;Caro;Gomitas Caro;6;2025
7/6/2025 11:43;5000;Mercado Pago;?? Gasto;;Sube;Sube;6;2025
7/6/2025 11:49;40000;Mercado Pago;?? Gasto;;Ocio;Bicicleta Service;6;2025
7/6/2025 11:50;3700;Mercado Pago;?? Gasto;;Ocio;1/4kg helado grido;6;2025
7/6/2025 11:50;6773;Mercado Pago;?? Gasto;;Ocio;Biiras Lucas Varde;6;2025
7/6/2025 11:51;5793,57;Mercado Pago;?? Gasto;;Ocio;Cabify vuelta Varde;6;2025
10/6/2025 09:09;674,1;Mercado Pago;?? Gasto;;Sube;Subte;6;2025
10/6/2025 09:12;6047,87;Mercado Pago;?? Gasto;;Corrección;Corrección;6;2025
11/6/2025 09:07;6600;Mercado Pago;?? Gasto;;Caro;Starbucks;6;2025
12/6/2025 10:10;609516,03;Mercado Pago;?? Gasto;;Reserva;;6;2025
13/6/2025 17:48;2215;Mercado Pago;?? Gasto;;Ocio;Medialunas Atalaya;6;2025
13/6/2025 20:48;5000;Mercado Pago;?? Gasto;;Sube;Sube;6;2025
14/6/2025 12:46;15000;Mercado Pago;?? Gasto;;Ocio;Reparación Mochila Clarín;6;2025
14/6/2025 20:46;9060;Mercado Pago;?? Gasto;;Ocio;Sandwich en lo de Lucho;6;2025
15/6/2025 23:50;6702;Mercado Pago;?? Gasto;;Ocio;Uber al Liceo;6;2025
16/6/2025 18:52;14900;Mercado Pago;?? Gasto;;Ocio;Fernet Nicky;6;2025
16/6/2025 18:58;15100;Mercado Pago;?? Gasto;;Ocio;Faltaba para Botellas Cruza;6;2025
16/6/2025 19:05;44000;Efectivo;?? Ingreso;Reserva;;;6;2025
16/6/2025 19:15;42954,25;Mercado Pago;?? Ingreso;Reserva;;ARCA VEP;6;2025
16/6/2025 19:15;42954,25;Mercado Pago;?? Gasto;;VidaAdulta;ARCA VEP MONOTRIBUTO;6;2025
16/6/2025 19:24;4900;Mercado Pago;?? Gasto;;Caro;Café Martínez;6;2025
16/6/2025 19:57;85000;Mercado Pago;?? Ingreso;Reserva;;;6;2025
16/6/2025 20:06;30000;Mercado Pago;?? Gasto;;Ocio;Pagué de más en lo de nicky;6;2025
18/6/2025 19:24;46400;Mercado Pago;?? Ingreso;Reserva;;Cargador Gaspi;6;2025
18/6/2025 19:25;46400;Mercado Pago;?? Gasto;;Cargador;Cargador Gaspi;6;2025
18/6/2025 19:35;2100;Mercado Pago;?? Gasto;;Gematic;Oreos;6;2025
18/6/2025 19:35;12500;Mercado Pago;?? Gasto;;Caro;Tufic;6;2025
18/6/2025 20:12;4411;Mercado Pago;?? Gasto;;Ocio;Café Martinez;6;2025
19/6/2025 12:24;4250;Mercado Pago;?? Gasto;;Regalo;Regalo Nacho Casares;6;2025
19/6/2025 16:28;8250;Mercado Pago;?? Gasto;;Regalo;Regalo Gero;6;2025
19/6/2025 16:30;6645;Mercado Pago;?? Gasto;;Regalo;Regalo Pedro Stefoni;6;2025
19/6/2025 16:33;6702;Mercado Pago;?? Gasto;;Ocio;Uber vuelta casa Loli;6;2025
24/6/2025 18:23;5000;Mercado Pago;?? Gasto;;Sube;;6;2025
24/6/2025 18:24;859,33;Mercado Pago;?? Gasto;;Corrección;;6;2025
24/6/2025 18:25;20000;Efectivo;?? Gasto;;BOLUDO;perfumes;6;2025
24/6/2025 18:25;12000;Efectivo;?? Gasto;;Ocio;Entra a Bali Festejo Lauti;6;2025
24/6/2025 18:26;15000;Efectivo;?? Gasto;;Ocio;Trago Bali;6;2025
24/6/2025 18:27;6000;Efectivo;?? Ingreso;Mamá/Papá;;Uber;6;2025
24/6/2025 18:29;59750;Mercado Pago;?? Ingreso;Reserva;;Compra Dólares;6;2025
24/6/2025 18:29;59750;Mercado Pago;?? Gasto;;Dólares;Compra Dólares;6;2025
25/6/2025 20:37;1926;Mercado Pago;?? Gasto;;Sube;;6;2025
30/6/2025 14:39;14000;Mercado Pago;?? Gasto;;Ocio;Dante merienda Caty;6;2025
30/6/2025 14:39;21700;Mercado Pago;?? Gasto;;Caro;Starbucks;6;2025
30/6/2025 14:40;3000;Efectivo;?? Gasto;;Ocio;Propina Dante;6;2025
30/6/2025 14:43;4200;Mercado Pago;?? Gasto;;Ocio;Cafe Isa Lala;6;2025
30/6/2025 14:44;14700;Mercado Pago;?? Gasto;;Ocio;Fernet + Coca;6;2025
30/6/2025 14:45;60000;Mercado Pago;?? Ingreso;Reserva;;;6;2025
30/6/2025 14:45;1992;Mercado Pago;?? Gasto;;Sube;;6;2025
30/6/2025 14:45;8000;Mercado Pago;?? Gasto;;Ocio;Jevi Chocolates;6;2025
30/6/2025 14:45;272830,88;Mercado Pago;?? Ingreso;Reserva;;;6;2025
30/6/2025 14:45;270533,98;Mercado Pago;?? Gasto;;Ahorro;;6;2025
1/7/2025 11:34;1200000;Mercado Pago;?? Ingreso;Trabajo;;;7;2025
1/7/2025 11:45;100241,58;Mercado Pago;?? Gasto;;Cuota;1° Cuota Play;7;2025
1/7/2025 11:45;25808,18;Mercado Pago;?? Gasto;;Cuota;1° Cuota Joystick;7;2025
1/7/2025 11:45;17000;Mercado Pago;?? Gasto;;Ocio;14 USD Fifa25;7;2025
1/7/2025 11:55;360780;Mercado Pago;?? Gasto;;VidaAdulta;UCA;7;2025
1/7/2025 11:55;596170,24;Mercado Pago;?? Gasto;;Reserva;;7;2025
1/7/2025 11:55;8784,93;Mercado Pago;?? Gasto;;Ocio;Almuerzo Atalaya;7;2025
2/7/2025 14:58;5000;Mercado Pago;?? Gasto;;Sube;;7;2025
2/7/2025 14:58;5500;Mercado Pago;?? Gasto;;Caro;Yogurt Caro;7;2025
2/7/2025 14:59;3800;Mercado Pago;?? Gasto;;Ocio;Cafe, Martinez;7;2025
2/7/2025 14:59;3600;Mercado Pago;?? Gasto;;Almuerzo;Empanadas;7;2025
2/7/2025 15:00;3976,25;Mercado Pago;?? Gasto;;Ocio;Pepas y chocos;7;2025
2/7/2025 16:32;176725;Mercado Pago;?? Gasto;;Caro;Chapadmalal;7;2025
3/7/2025 10:44;219;Mercado Pago;?? Gasto;;Sube;Subte;7;2025
3/7/2025 11:19;10464;Mercado Pago;?? Gasto;;Ocio;Café martinez;7;2025
4/7/2025 14:11;11250;Mercado Pago;?? Gasto;;Ocio;Freddo Cena Lucas;7;2025
4/7/2025 21:11;11500;Mercado Pago;?? Gasto;;Ocio;Hamburgesas Pilar Fontecha;7;2025
5/7/2025 16:55;6000;Mercado Pago;?? Gasto;;Fútbol;Fútbol Fontecha;7;2025
5/7/2025 21:52;19600;Mercado Pago;?? Gasto;;Caro;Pizza alla pala;7;2025
6/7/2025 00:46;7539;Mercado Pago;?? Gasto;;Caro;Uber a lo de Franchu;7;2025
6/7/2025 12:26;4000;Mercado Pago;?? Gasto;;Ocio;Pan Valeria;7;2025
6/7/2025 19:28;5500;Mercado Pago;?? Gasto;;Fútbol;Beelup;7;2025
7/7/2025 09:28;63200;Mercado Pago;?? Gasto;;Ocio;Compra Dólares;7;2025
7/7/2025 09:28;3259;Mercado Pago;?? Gasto;;Ocio;Mantenimiento Tarj Brub Crédito;7;2025
7/7/2025 10:16;8550;Mercado Pago;?? Gasto;;Caro;Café Martinez;7;2025
7/7/2025 11:55;42951,25;Mercado Pago;?? Gasto;;VidaAdulta;Monotributo;7;2025
7/7/2025 12:38;32000;Mercado Pago;?? Gasto;;Transferencia;Retiro cash para Chapa;7;2025
7/7/2025 12:39;32000;Efectivo;?? Ingreso;Transferencia;;Cash para Chapa;7;2025
7/7/2025 12:51;386474,71;Mercado Pago;?? Ingreso;Reserva;;;7;2025
10/7/2025 13:23;6943,75;Mercado Pago;?? Gasto;;Fútbol;Fúlbo InterUCA;7;2025
10/7/2025 13:25;996;Brubank;?? Gasto;;Sube;;7;2025
10/7/2025 14:25;5000;Mercado Pago;?? Gasto;;Sube;Sube;7;2025
10/7/2025 15:25;3674;Mercado Pago;?? Gasto;;Ocio;Leche;7;2025
12/7/2025 13:23;7600;Mercado Pago;?? Gasto;;Ocio;Gaseosas Almuerzo Albel;7;2025
13/7/2025 14:55;7500;Mercado Pago;?? Gasto;;Ocio;Helado Lado Bueno;7;2025
14/7/2025 17:20;1600;Mercado Pago;?? Gasto;;Gematic;Don Satur;7;2025
14/7/2025 17:36;32000;Mercado Pago;?? Ingreso;Transferencia;;;7;2025
14/7/2025 17:36;32000;Efectivo;?? Gasto;;Transferencia;;7;2025
14/7/2025 20:53;12629,06;Mercado Pago;?? Gasto;;Corrección;;7;2025
15/7/2025 18:15;8075;Mercado Pago;?? Gasto;;Ocio;Almuerzo UCA;7;2025
15/7/2025 20:55;7750;Mercado Pago;?? Gasto;;Ocio;Entrada Cine;7;2025
15/7/2025 20:55;6200;Mercado Pago;?? Gasto;;Ocio;Franuis;7;2025
15/7/2025 20:55;7800;Mercado Pago;?? Gasto;;Ocio;Nuggets;7;2025
16/7/2025 17:54;14748;Mercado Pago;?? Gasto;;Caro;Tuki;7;2025
16/7/2025 19:29;4200;Mercado Pago;?? Gasto;;Ocio;Lápiz Mecánico;7;2025
18/7/2025 10:04;996;Mercado Pago;?? Gasto;;Sube/Uber/Cabify;;7;2025
18/7/2025 10:05;1900;Mercado Pago;?? Gasto;;Caro;Alfajor de Pistacho;7;2025
18/7/2025 10:06;12500;Mercado Pago;?? Gasto;;Fútbol;;7;2025
18/7/2025 10:06;7200;Mercado Pago;?? Gasto;;Comidas/Cafés;Empanadas Rodaje;7;2025
18/7/2025 10:07;1550;Mercado Pago;?? Gasto;;Comidas/Cafés;Levite Día;7;2025
18/7/2025 10:07;20000;Brubank;?? Gasto;;Transferencia;;7;2025
18/7/2025 10:08;20000;Mercado Pago;?? Ingreso;Transferencia;;;7;2025
18/7/2025 10:10;18948;Mercado Pago;?? Ingreso;Transferencia;;;7;2025
18/7/2025 10:10;18948;Brubank;?? Gasto;;Transferencia;;7;2025
19/7/2025 13:47;6125;Mercado Pago;?? Gasto;;Fútbol;;7;2025
21/7/2025 10:24;9500;Brubank;?? Gasto;;Comidas/Cafés;Chipa y churros;7;2025
21/7/2025 10:24;9500;Mercado Pago;?? Gasto;;Comidas/Cafés;Chipa y churros;7;2025
21/7/2025 10:59;2000;Brubank;?? Gasto;;Sube/Uber/Cabify;;7;2025
21/7/2025 10:59;800;Brubank;?? Gasto;;Sube/Uber/Cabify;Ecobici;7;2025
23/7/2025 11:40;6000;Mercado Pago;?? Gasto;;Bolucompras;Librería;7;2025
23/7/2025 16:26;5500;Mercado Pago;?? Gasto;;Caro;Café Esperando a Caro Uñas;7;2025
24/7/2025 11:24;16350;Brubank;?? Gasto;;Eventos/Salidas;Cafe Constanzo;7;2025
24/7/2025 11:26;21552,61;Mercado Pago;?? Ingreso;Transferencia;Transferencia;;7;2025
24/7/2025 11:26;21552,61;Brubank;?? Gasto;;Transferencia;;7;2025
24/7/2025 23:43;3500;Brubank;?? Gasto;;Fútbol;Gatorade Pos Fulbo;7;2025
26/7/2025 11:44;3000;Ualá;?? Gasto;;Fútbol;Pedi Cash Trapitos Joaco;7;2025
26/7/2025 11:47;1744,37;Brubank;?? Gasto;;Transferencia;;7;2025
26/7/2025 11:47;566,08;Mercado Pago;?? Gasto;;Transferencia;;7;2025
26/7/2025 11:47;2310,45;Ualá;?? Ingreso;Transferencia;;;7;2025
26/7/2025 15:58;9062,5;Mercado Pago;?? Gasto;;Fútbol;;7;2025
26/7/2025 23:55;6111;Brubank;?? Gasto;;Fútbol;;7;2025
31/7/2025 15:58;150000;Mercado Pago;?? Ingreso;Préstamo;;Mamá;7;2025
31/7/2025 15:58;111670,58;Mercado Pago;?? Ingreso;Reserva;;Ualá;7;2025
31/7/2025 15:58;158400;Mercado Pago;?? Gasto;;Caro;Chapadmalal;7;2025
31/7/2025 15:58;94208,08;Mercado Pago;?? Gasto;;Corrección;;7;2025
1/8/2025 22:27;1200000;Mercado Pago;?? Ingreso;Trabajo;;;8;2025
4/8/2025 22:27;393500;Mercado Pago;?? Gasto;;VidaAdulta;Facultad;8;2025
4/8/2025 22:27;49435,58;Mercado Pago;?? Gasto;;VidaAdulta;ARCA;8;2025
4/8/2025 22:41;58666,14;Mercado Pago;?? Gasto;;Ropa;1/3 Zapatillas Rebook;8;2025
4/8/2025 22:41;33700;Mercado Pago;?? Gasto;;Caro;1/1 Insólito Desayuno;8;2025
4/8/2025 22:45;21595;Mercado Pago;?? Gasto;;Caro;1/1 Disco Cena;8;2025
4/8/2025 22:46;3529,85;Mercado Pago;?? Gasto;;VidaAdulta;Tarjeta Crédito;8;2025
4/8/2025 22:55;100241,58;Mercado Pago;?? Gasto;;Bolucompras;2/12 Playstation;8;2025
4/8/2025 22:55;25808,18;Mercado Pago;?? Gasto;;Bolucompras;2/6 Joystick;8;2025
4/8/2025 22:58;33333,33;Mercado Pago;?? Gasto;;Regalo;1/6 Televisor;8;2025
4/8/2025 22:59;150000;Mercado Pago;?? Gasto;;Deuda;Deuda Mamá;8;2025
4/8/2025 22:59;14000;Mercado Pago;?? Gasto;;Deuda;Deuda Caro;8;2025
4/8/2025 23:19;100000;Mercado Pago;?? Gasto;;Ahorro;;8;2025
4/8/2025 23:20;191190,34;Mercado Pago;?? Gasto;;Transferencia;;8;2025
4/8/2025 23:20;191190,34;Ualá;?? Ingreso;Transferencia;;;8;2025
5/8/2025 07:23;57000;Ualá;?? Gasto;;VidaAdulta;Gym;8;2025
5/8/2025 23:14;13105,17;Ualá;?? Gasto;;Bolucompras;Shampoo, Acondicionar, Pila;8;2025
9/8/2025 11:01;10000;Mercado Pago;?? Gasto;;Caro;Cinna and co;8;2025
10/8/2025 22:03;11500;Mercado Pago;?? Gasto;;Caro;Poke Salad;8;2025
10/8/2025 22:03;3500;Mercado Pago;?? Gasto;;Caro;Alfajores;8;2025
11/8/2025 11:04;13803,88;Mercado Pago;?? Ingreso;Transferencia;;;8;2025
11/8/2025 11:04;13803,88;Ualá;?? Gasto;;Transferencia;;8;2025
12/8/2025 13:25;3600;Mercado Pago;?? Gasto;;Caro;Helado McDonald;8;2025
15/8/2025 14:22;10800;Ualá;?? Gasto;;Regalo;Medialunas para la flia;8;2025
15/8/2025 14:40;10800;Ualá;?? Gasto;;Regalo;Factura flia;8;2025
16/8/2025 15:10;10795;Ualá;?? Gasto;;Sube/Uber/Cabify;Cabify Viejo;8;2025
16/8/2025 15:10;31860;Ualá;?? Gasto;;Caro;Bar Serrano;8;2025
16/8/2025 15:16;8343,67;Ualá;?? Ingreso;Worldcoin;;;8;2025
18/8/2025 21:08;10000;Ualá;?? Gasto;;Regalo;Regalo Martu;8;2025
18/8/2025 21:09;10620;Mercado Pago;?? Gasto;;Comidas/Cafés;Starbucks;8;2025
24/8/2025 09:00;14400;Ualá;?? Gasto;;Regalo;Madialunas Flia y Albelda;8;2025
24/8/2025 11:10;36085,73;Mercado Pago;?? Ingreso;Transferencia;;;8;2025
24/8/2025 11:10;36085,73;Ualá;?? Gasto;;Transferencia;;8;2025
26/8/2025 21:53;6200;Mercado Pago;?? Gasto;;Caro;Café Starbucks;8;2025
27/8/2025 16:26;7500;Mercado Pago;?? Gasto;;Comidas/Cafés;1/4kg rapanui;8;2025
27/8/2025 16:38;3045;Mercado Pago;?? Gasto;;Caro;Sandia;8;2025
28/8/2025 07:22;1700;Mercado Pago;?? Gasto;;Comidas/Cafés;9 de oro pre viator;8;2025
30/8/2025 22:14;9900;Mercado Pago;?? Gasto;;Caro;McDonald;8;2025
31/8/2025 14:16;3500;Mercado Pago;?? Gasto;;Caro;Frutillas;8;2025
1/9/2025 10:56;159383,09;Ualá;?? Gasto;;Bolucompras;Play,Joystick,Televisor;9;2025
1/9/2025 11:02;71302,08;Brubank;?? Gasto;;Bolucompras;Zapas, plan credito, impuestos ARCA;9;2025
1/9/2025 11:03;57316,35;Brubank;?? Gasto;;Suscripciones;GPT, PlaystationPLus, Copilot;9;2025
1/9/2025 11:08;128618,43;Brubank;?? Ingreso;Transferencia;;;9;2025
1/9/2025 11:09;128618,43;Ualá;?? Gasto;;Transferencia;;9;2025
1/9/2025 11:15;49435,58;Ualá;?? Gasto;;VidaAdulta;Monotributo;9;2025
1/9/2025 15:22;1200000;Ualá;?? Ingreso;Trabajo;;;9;2025
1/9/2025 15:22;110000;Ualá;?? Gasto;;GMSTA;Viator;9;2025
1/9/2025 15:33;393500;Ualá;?? Gasto;;VidaAdulta;UCA;9;2025
2/9/2025 09:14;12000;Ualá;?? Gasto;;Eventos/Salidas;Birra y Papas;9;2025
2/9/2025 18:05;21989;Ualá;?? Gasto;;Higiene;Productos pelo - BR;9;2025
2/9/2025 18:51;7300;Ualá;?? Gasto;;Caro;Starbucks Caro;9;2025
2/9/2025 19:47;7300;Ualá;?? Gasto;;Caro;Starbucks;9;2025
3/9/2025 21:53;5000;Ualá;?? Gasto;;Sube/Uber/Cabify;Sube - MP;9;2025
5/9/2025 12:32;3500;Ualá;?? Gasto;;Comidas/Cafés;Papas McDondald - MP;9;2025
6/9/2025 02:32;45000;Ualá;?? Gasto;;Eventos/Salidas;Tragos Lauti/Fran;9;2025
6/9/2025 10:40;10000;Ualá;?? Gasto;;Caro;Desayuno Tigre;9;2025
6/9/2025 15:14;25000;Ualá;?? Gasto;;Bolucompras;Mate;9;2025
6/9/2025 21:29;9016,12;Ualá;?? Gasto;;Bolucompras;Cepillo, chicle, sin atx;9;2025
6/9/2025 23:10;30300;Ualá;?? Gasto;;Caro;La Condesa;9;2025
7/9/2025 15:12;3300;Ualá;?? Gasto;;Comidas/Cafés;Alfajores Kiosco - MP;9;2025
7/9/2025 21:58;4000;Ualá;?? Gasto;;Sube/Uber/Cabify;Sube - MP;9;2025
7/9/2025 23:15;26375;Ualá;?? Gasto;;Caro;Cena Lucio;9;2025
8/9/2025 16:50;1600;Mercado Pago;?? Gasto;;Comidas/Cafés;Gematic;9;2025
8/9/2025 16:50;1600;Ualá;?? Gasto;;Comidas/Cafés;Don Satur - MP;9;2025
10/9/2025 07:43;57000;Ualá;?? Gasto;;VidaAdulta;Gimnasio;9;2025
11/9/2025 16:30;10000;Ualá;?? Gasto;;GMSTA;Remera;9;2025
13/9/2025 18:37;9000;Ualá;?? Gasto;;Fútbol;Enzo Mazza;9;2025
13/9/2025 21:43;7560;Ualá;?? Gasto;;Eventos/Salidas;Bebidas cena vanse;9;2025
13/9/2025 22:43;13085;Ualá;?? Gasto;;Eventos/Salidas;Cena Milanesas Vanse;9;2025
14/9/2025 00:24;6400;Ualá;?? Gasto;;Eventos/Salidas;Helado Daniel;9;2025
17/9/2025 17:56;1500;Mercado Pago;?? Gasto;;Comidas/Cafés;Gematic;9;2025
18/9/2025 21:14;5000;Mercado Pago;?? Gasto;;Sube/Uber/Cabify;;9;2025
20/9/2025 10:19;3400;Mercado Pago;?? Gasto;;Comidas/Cafés;Arándanos;9;2025
20/9/2025 15:39;4800;Ualá;?? Gasto;;Caro;Medialunas;9;2025
20/9/2025 15:47;11500;Mercado Pago;?? Ingreso;Transferencia;;;9;2025
20/9/2025 15:47;11500;Ualá;?? Gasto;;Transferencia;;9;2025
30/9/2025 13:04;16639,28;Ualá;?? Gasto;;Corrección;;9;2025
30/9/2025 23:02;18698,5;Ualá;?? Gasto;;Ahorro;;9;2025
2/10/2025 21:04;1200000;Ualá;?? Ingreso;Trabajo;;;10;2025
2/10/2025 21:06;393500;Ualá;?? Gasto;;VidaAdulta;Facultad;10;2025
2/10/2025 21:10;10000;Ualá;?? Gasto;;Sube/Uber/Cabify;Sube;10;2025
2/10/2025 21:11;5276;Ualá;?? Gasto;;Comidas/Cafés;Latte Caramel;10;2025
2/10/2025 21:11;1800;Ualá;?? Gasto;;Comidas/Cafés;Gematic Anillitos;10;2025
2/10/2025 21:13;49435,58;Ualá;?? Gasto;;VidaAdulta;Monotributo;10;2025
2/10/2025 21:19;58666,13;Ualá;?? Gasto;;Zapatillas;3/3 Cuota Zapatilla;10;2025
2/10/2025 21:20;9116,49;Ualá;?? Gasto;;Suscripciones;Plan Crédito Brubank;10;2025
2/10/2025 21:25;29200;Ualá;?? Gasto;;Suscripciones;GPT;10;2025
2/10/2025 21:25;29200;Ualá;?? Gasto;;Suscripciones;Cursor AI;10;2025
2/10/2025 21:25;14600;Ualá;?? Gasto;;Suscripciones;Github Copilot;10;2025
2/10/2025 21:32;100241,58;Ualá;?? Gasto;;Bolucompras;4/12 PS5;10;2025
2/10/2025 21:32;25808,18;Ualá;?? Gasto;;Bolucompras;4/6 Joystick;10;2025
2/10/2025 21:33;33333,33;Ualá;?? Gasto;;Regalo;3/6 Televisor;10;2025
2/10/2025 21:34;21060;Ualá;?? Ingreso;Mamá/Papá;;Devolución Sham/Ac/Crem+Huevos;10;2025
2/10/2025 21:36;219000;Ualá;?? Gasto;;Ahorro;;10;2025
2/10/2025 21:45;10000;Efectivo;?? Ingreso;Transferencia;;;10;2025
2/10/2025 21:45;10000;Ualá;?? Gasto;;Transferencia;;10;2025
4/10/2025 14:54;31405;Ualá;?? Gasto;;Comidas/Cafés;Almuerzo Dandy;10;2025
4/10/2025 23:55;36500;Ualá;?? Gasto;;Eventos/Salidas;Cumple Sol;10;2025
5/10/2025 13:55;10000;Efectivo;?? Gasto;;Caro;Flores;10;2025
6/10/2025 10:00;288000;Ualá;?? Ingreso;Mamá/Papá;;Regalo USD Mamá;10;2025
6/10/2025 10:01;288000;Ualá;?? Gasto;;Ahorro;;10;2025
7/10/2025 22:58;1550;Ualá;?? Gasto;;Comidas/Cafés;Bisnike - Retirar plata papá milanesas;10;2025
31/10/2025 20:32;162427,71;Ualá;?? Gasto;;Eventos/Salidas;;10;2025
1/11/2025 10:47;1200000;Ualá;?? Ingreso;Trabajo;;;11;2025
1/11/2025 11:47;59441,22;Ualá;?? Gasto;;Corrección;Deuda mes pasada;11;2025
1/11/2025 11:48;306100;Efectivo;?? Ingreso;Transferencia;;;11;2025
1/11/2025 11:49;306100;Ualá;?? Gasto;;Transferencia;;11;2025
1/11/2025 11:50;100241,58;Ualá;?? Gasto;;Suscripciones/Cuotas;Playstation 5/12;11;2025
1/11/2025 11:51;25808,18;Ualá;?? Gasto;;Suscripciones/Cuotas;Joystick 5/6;11;2025
1/11/2025 11:52;337524,25;Ualá;?? Gasto;;Ahorro;;11;2025
1/11/2025 15:43;9900;Ualá;?? Gasto;;Caro;Facturas y Macitas;11;2025
1/11/2025 21:26;12000;Efectivo;?? Gasto;;Caro;Flores caro;11;2025
2/11/2025 22:22;4800;Efectivo;?? Gasto;;Comidas/Cafés;Pan Flia;11;2025
3/11/2025 22:28;14500;Ualá;?? Gasto;;Eventos/Salidas;Bar UCA Birrar/Fritas;11;2025
3/11/2025 22:28;1000;Efectivo;?? Gasto;;Eventos/Salidas;Propina;11;2025
4/11/2025 11:29;1157;Ualá;?? Gasto;;Sube/Uber/Cabify;Sube;11;2025
4/11/2025 11:41;61000;Ualá;?? Ingreso;Transferencia;;;11;2025
4/11/2025 11:41;61000;Efectivo;?? Gasto;;Transferencia;;11;2025
5/11/2025 19:57;4000;Efectivo;?? Gasto;;Comidas/Cafés;Shot, alfajor, tita;11;2025
5/11/2025 19:57;2000;Efectivo;?? Gasto;;Regalo;Gente calle;11;2025
5/11/2025 22:57;200000;Efectivo;?? Gasto;;Transferencia;;11;2025
5/11/2025 22:57;200000;Ualá;?? Ingreso;Transferencia;;;11;2025
5/11/2025 22:58;1000;Efectivo;?? Gasto;;Corrección;;11;2025
5/11/2025 23:04;425000;Ualá;?? Gasto;;VidaAdulta;Facultad;11;2025
5/11/2025 23:09;49435,58;Ualá;?? Gasto;;VidaAdulta;Monotributo;11;2025
5/11/2025 23:15;65400;Ualá;?? Gasto;;Suscripciones/Cuotas;GPT, Cursor, TarjCrédito;11;2025
7/11/2025 16:00;5016;Ualá;?? Gasto;;Comidas/Cafés;Café Martinez;11;2025
10/11/2025 11:43;7000;Ualá;?? Gasto;;Comidas/Cafés;Pizza;11;2025
10/11/2025 11:47;5100;Ualá;?? Gasto;;Sube/Uber/Cabify;Uber vanse vuelta;11;2025
10/11/2025 11:48;2000;Ualá;?? Gasto;;Sube/Uber/Cabify;Dipa Uber;11;2025
10/11/2025 11:51;10682,99;Ualá;?? Gasto;;Cuarto;Cable lan;11;2025
19/11/2025 16:03;29349,12;Ualá;?? Gasto;;Corrección;;11;2025
27/11/2025 12:48;20200;Efectivo;?? Gasto;;Corrección;;11;2025
30/11/2025 19:41;7444,08;Ualá;?? Gasto;;Corrección;;11;2025
1/12/2025 19:43;1200000;Ualá;?? Ingreso;;VidaAdulta;;12;2025
1/12/2025 19:50;425000;Ualá;?? Gasto;;VidaAdulta;Facultad;12;2025
1/12/2025 20:23;14100;Brubank;?? Gasto;;Suscripciones/Cuotas;1/6 Opal;12;2025
1/12/2025 20:23;31860;Brubank;?? Gasto;;Suscripciones/Cuotas;1/1 Rappi franuis tu vieja;12;2025
1/12/2025 20:24;6599,99;Brubank;?? Gasto;;Suscripciones/Cuotas;1/1 Plan tarjeta crédito;12;2025
1/12/2025 20:28;100241,58;Ualá;?? Gasto;;Suscripciones/Cuotas;6/12 Playstation;12;2025
1/12/2025 20:28;25808,18;Ualá;?? Gasto;;Suscripciones/Cuotas;6/6 Joystick;12;2025
2/12/2025 14:02;52559,99;Brubank;?? Ingreso;Transferencia;Transferencia;;12;2025
2/12/2025 14:03;52559,99;Ualá;?? Gasto;;Transferencia;;12;2025
2/12/2025 14:06;59000;Ualá;?? Gasto;;Suscripciones/Cuotas;GPT / Cursor;12;2025
2/12/2025 14:09;250000;Ualá;?? Gasto;;Ahorro;;12;2025
2/12/2025 14:11;60000;Ualá;?? Ingreso;Mamá/Papá;;;12;2025
2/12/2025 20:09;1600;Ualá;?? Gasto;;Comidas/Cafés;Don Satur;12;2025
2/12/2025 22:09;16999;Ualá;?? Gasto;;Comidas/Cafés;McDonald Caro;12;2025
2/12/2025 22:09;14499;Ualá;?? Gasto;;Caro;McDonald;12;2025
3/12/2025 23:56;16900;Ualá;?? Gasto;;Caro;Mamuschka;12;2025
4/12/2025 10:02;1206;Ualá;?? Gasto;;Sube/Uber/Cabify;;12;2025
4/12/2025 10:02;2195,66;Ualá;?? Gasto;;Sube/Uber/Cabify;Sube;12;2025
4/12/2025 13:18;12500;Ualá;?? Gasto;;Comidas/Cafés;Zebra;12;2025
4/12/2025 22:02;15500;Ualá;?? Gasto;;Eventos/Salidas;Acosta Trago Papas;12;2025
5/12/2025 12:31;2412;Ualá;?? Gasto;;Sube/Uber/Cabify;Sube;12;2025
5/12/2025 20:32;11900;Ualá;?? Gasto;;Bolucompras;Cumple Valen Kiosco levite cheetos monsters;12;2025
8/12/2025 12:34;1253,02;Ualá;?? Gasto;;Sube/Uber/Cabify;Sube;12;2025
8/12/2025 12:34;7095,9;Ualá;?? Gasto;;Caro;Cabify caro-casa;12;2025
9/12/2025 03:15;5419,04;Ualá;?? Gasto;;Sube/Uber/Cabify;Uber Solchu;12;2025
9/12/2025 12:52;3618;Ualá;?? Gasto;;Sube/Uber/Cabify;Sube;12;2025
11/12/2025 20:45;35000;Ualá;?? Gasto;;Caro;Pochoclos, roll y mantequería;12;2025
12/12/2025 14:12;18000;Ualá;?? Gasto;;Caro;Hacienda;12;2025
17/12/2025 16:07;63419,87;Ualá;?? Gasto;;Corrección;;12;2025
31/12/2025 16:07;57872,76;Ualá;?? Gasto;Reserva;Corrección;Fin de mes;12;2025
2/1/2026 15:27;1200000;Ualá;?? Ingreso;Trabajo;;;1;2026
2/1/2026 15:27;50000;Ualá;?? Ingreso;Mamá/Papá;;BNA+ Mamá;1;2026
2/1/2026 15:30;425000;Ualá;?? Gasto;;VidaAdulta;UCA;1;2026
2/1/2026 15:41;49435,58;Ualá;?? Gasto;;VidaAdulta;Monotributo;1;2026
4/1/2026 10:10;14100;Brubank;?? Gasto;;Suscripciones/Cuotas;2/6 Opal;1;2026
4/1/2026 10:11;30426,68;Brubank;?? Gasto;;Suscripciones/Cuotas;1/3 Libros;1;2026
4/1/2026 10:11;150000;Brubank;?? Gasto;;Suscripciones/Cuotas;Explora Tandil;1;2026
4/1/2026 10:12;6599,99;Brubank;?? Gasto;;Suscripciones/Cuotas;Plan Tarjeta de Crédito;1;2026
4/1/2026 10:25;301368,25;Brubank;?? Ingreso;Transferencia;;;1;2026
4/1/2026 10:26;301368,25;Ualá;?? Gasto;;Transferencia;;1;2026
4/1/2026 10:33;100241,58;Brubank;?? Gasto;;Suscripciones/Cuotas;7/12 Playstation;1;2026
4/1/2026 12:22;60000;Ualá;?? Gasto;;Reserva Viajes;Reserva Viajes;1;2026
9/1/2026 12:31;129861,12;Ualá;?? Gasto;;Corrección;;1;2026
31/1/2026 13:34;235112,86;Ualá;?? Gasto;;Eventos/Salidas;;1;2026
3/2/2026 13:36;1500000;Ualá;?? Ingreso;Trabajo;;;2;2026
3/2/2026 13:38;850000;Ualá;?? Gasto;;VidaAdulta;UCA Matrícula;2;2026
3/2/2026 14:19;56501,85;Ualá;?? Gasto;;VidaAdulta;ARCA Monotributo;2;2026
3/2/2026 14:24;30426,66;Brubank;?? Gasto;;Suscripciones/Cuotas;2/3 Br - Libros Emprendedor;2;2026
3/2/2026 14:24;14100;Brubank;?? Gasto;;Suscripciones/Cuotas;3/6 Br - Opal;2;2026
3/2/2026 14:55;6599,99;Brubank;?? Gasto;;Suscripciones/Cuotas;Plan Tarj Crédito;2;2026
3/2/2026 14:57;51126,65;Brubank;?? Ingreso;Transferencia;;;2;2026
3/2/2026 14:57;51126,65;Ualá;?? Gasto;;Transferencia;;2;2026
3/2/2026 14:59;100241,58;Ualá;?? Gasto;;Suscripciones/Cuotas;8/12 - Mamá - Playstation;2;2026
3/2/2026 15:01;58514,4;Brubank;?? Gasto;;Suscripciones/Cuotas;Cursor / GPT;2;2026
3/2/2026 15:02;58514,4;Brubank;?? Ingreso;Transferencia;;;2;2026
3/2/2026 15:02;58514,4;Ualá;?? Gasto;;Transferencia;;2;2026
3/2/2026 15:38;60000;Brubank;?? Gasto;;Ahorro - Viaje;Br Plazo Fijo - Viaje Caro;2;2026
3/2/2026 15:40;60000;Brubank;?? Ingreso;Transferencia;;;2;2026
3/2/2026 15:41;60000;Ualá;?? Gasto;;Transferencia;;2;2026
3/2/2026 23:29;300000;Ualá;?? Ingreso;Mamá/Papá;;Mamá ayuda matrícula;2;2026
4/2/2026 10:30;300000;Ualá;?? Gasto;;Reserva;Reserva;2;2026
6/2/2026 23:24;34900;Ualá;?? Gasto;;Caro;Cena Vietnam;2;2026
6/2/2026 23:25;5400;Ualá;?? Gasto;;Caro;Estacionamiento Vietnam;2;2026
6/2/2026 23:30;4000;Ualá;?? Gasto;;Regalo;Regalo Isa Rush;2;2026
7/2/2026 22:27;9700;Ualá;?? Gasto;;Fútbol;Partido;2;2026
10/2/2026 19:48;18450;Ualá;?? Gasto;;Bolucompras;Ron bacardí cumple Isa;2;2026
10/2/2026 19:48;3960;Ualá;?? Gasto;;Sube/Uber/Cabify;3x Subte;2;2026
10/2/2026 19:49;32237,5;Ualá;?? Gasto;;Eventos/Salidas;TuVieja - Cena + Helado;2;2026
10/2/2026 19:51;3443,7;Ualá;?? Gasto;;Caro;Yogurt;2;2026
11/2/2026 13:39;5000;Ualá;?? Gasto;;Transferencia;Para reintegro Sube;2;2026
11/2/2026 13:40;5000;Brubank;?? Ingreso;Transferencia;;Para reintegro Sube;2;2026
11/2/2026 13:42;1243,81;Ualá;?? Gasto;;Sube/Uber/Cabify;2x Sube colectivo;2;2026
13/2/2026 17:48;1600;Ualá;?? Gasto;;Comidas/Cafés;Don Satur;2;2026
14/2/2026 17:07;4464,29;Ualá;?? Gasto;;Regalo;Regalo Varde;2;2026
14/2/2026 17:41;9687,5;Ualá;?? Gasto;;Fútbol;Fulboo;2;2026
15/2/2026 20:50;5142,86;Ualá;?? Gasto;;Regalo;Regalo Lucas Lapicer;2;2026
15/2/2026 20:57;494,83;Ualá;?? Gasto;;Sube/Uber/Cabify;Sube;2;2026
15/2/2026 20:57;3200;Ualá;?? Gasto;;Eventos/Salidas;Aquarius Lucas V;2;2026
15/2/2026 21:23;2926,04;Brubank;?? Gasto;;Sube/Uber/Cabify;Sube;2;2026
15/2/2026 21:25;5000;Brubank;?? Ingreso;Transferencia;;;2;2026
15/2/2026 21:25;5000;Ualá;?? Gasto;;Transferencia;;2;2026
16/2/2026 00:42;29600;Ualá;?? Gasto;;Comidas/Cafés;Cena Albeldas;2;2026
16/2/2026 10:59;16120;Efectivo;?? Ingreso;Transferencia;;;2;2026
16/2/2026 10:59;16120;Ualá;?? Gasto;;Transferencia;;2;2026
17/2/2026 14:41;25000;Efectivo;?? Ingreso;Transferencia;;;2;2026
17/2/2026 14:42;25000;Ualá;?? Gasto;;Transferencia;;2;2026
17/2/2026 14:48;1320;Brubank;?? Gasto;;Sube/Uber/Cabify;Subte;2;2026
17/2/2026 14:48;1187;Brubank;?? Gasto;;Sube/Uber/Cabify;Sube Colectivo;2;2026
19/2/2026 11:30;779,87;Brubank;?? Gasto;;Sube/Uber/Cabify;Colectivo;2;2026
21/2/2026 14:49;1200;Ualá;?? Gasto;;Comidas/Cafés;Don Satur Proba;2;2026
21/2/2026 14:49;12200;Ualá;?? Gasto;;Fútbol;Fútbol Martín D Zotta;2;2026
21/2/2026 14:51;779,87;Brubank;?? Gasto;;Sube/Uber/Cabify;Colectivo;2;2026
21/2/2026 14:51;2640;Brubank;?? Gasto;;Sube/Uber/Cabify;2x Subte;2;2026
21/2/2026 14:55;5000;Ualá;?? Gasto;;Transferencia;;2;2026
21/2/2026 14:55;5000;Brubank;?? Ingreso;Transferencia;;;2;2026
21/2/2026 14:56;110000;Mercado Pago;?? Ingreso;Reserva;;;2;2026
21/2/2026 14:57;110000;Mercado Pago;?? Gasto;;Fútbol;Pagué 2nda cancha Terraza;2;2026
22/2/2026 01:30;11000;Efectivo;?? Gasto;;Fútbol;Fútbol STA + Estacionamiento;2;2026
25/2/2026 12:21;2309,48;Ualá;?? Gasto;;Varios;Curitas;2;2026
25/2/2026 12:21;10400;Ualá;?? Gasto;;Comidas/Cafés;Merienda Tía Kary;2;2026
28/2/2026 12:42;1800;Ualá;?? Gasto;;Comidas/Cafés;Anillitos;2;2026
28/2/2026 12:42;27550;Ualá;?? Gasto;;Fútbol;Remera Soderos;2;2026
28/2/2026 12:43;3500;Ualá;?? Gasto;;Comidas/Cafés;Anillitos + alfajor;2;2026
28/2/2026 12:45;1559,74;Brubank;?? Gasto;;Sube/Uber/Cabify;2x Colectivo;2;2026
28/2/2026 12:45;1429,87;Brubank;?? Gasto;;Sube/Uber/Cabify;2x Colectivo;2;2026
28/2/2026 19:45;10000;Ualá;?? Gasto;;Fútbol;Fulbo Soderos;2;2026
28/2/2026 19:45;4850;Ualá;?? Gasto;;Eventos/Salidas;Coca Disco Cena Lucas V;2;2026
28/2/2026 19:45;2377,21;Brubank;?? Gasto;;Sube/Uber/Cabify;;2;2026
28/2/2026 19:46;2900;Efectivo;?? Gasto;;Fútbol;Powerade Fulbo;2;2026
28/2/2026 19:46;43860,5;Mercado Pago;?? Ingreso;Reserva;;Rappi alcohol Lucas V;2;2026
28/2/2026 19:46;43860,5;Mercado Pago;?? Gasto;;Eventos/Salidas;Alcohol Lucas Varde;2;2026
28/2/2026 19:46;26161,55;Ualá;?? Gasto;;Reserva;Reserva;2;2026
28/2/2026 19:46;27220;Efectivo;?? Gasto;;Reserva;;2;2026
4/3/2026 20:02;1500000;Ualá;?? Ingreso;Trabajo;;;3;2026
4/3/2026 20:05;611500;Ualá;?? Gasto;;VidaAdulta;UCA;3;2026
4/3/2026 20:05;27200;Efectivo;?? Ingreso;Transferencia;;;3;2026
4/3/2026 20:06;27220;Ualá;?? Gasto;;Transferencia;;3;2026
4/3/2026 20:16;29796,75;Ualá;?? Gasto;;Suscripciones/Cuotas;Typora y PS Plus;3;2026
4/3/2026 20:16;30426,66;Ualá;?? Gasto;;Suscripciones/Cuotas;3/3 Libros;3;2026
4/3/2026 20:17;14100;Ualá;?? Gasto;;Suscripciones/Cuotas;4/6 Opal;3;2026
5/3/2026 13:45;10394,58;Ualá;?? Gasto;;Suscripciones/Cuotas;Brubank Plan + ARCA;3;2026
5/3/2026 13:46;10000;Ualá;?? Gasto;;Transferencia;;3;2026
5/3/2026 13:46;10000;Brubank;?? Ingreso;Transferencia;;;3;2026
5/3/2026 13:46;2640;Brubank;?? Gasto;;Sube/Uber/Cabify;2x Subte;3;2026
5/3/2026 13:47;681,85;Brubank;?? Gasto;;Sube/Uber/Cabify;1x Bondi;3;2026
5/3/2026 14:00;48250,78;Ualá;?? Gasto;;VidaAdulta;ARCA;3;2026
5/3/2026 14:16;5000;Efectivo;?? Gasto;;Regalo;Regalo Jura Agus H;3;2026
5/3/2026 14:18;60000;Ualá;?? Gasto;;Ahorro - Viaje;Br Plazo Fijo - Viaje Caro;3;2026
5/3/2026 14:21;14646,64;Ualá;?? Ingreso;Rendimiento;;Rendimientos;3;2026
5/3/2026 14:21;14646,64;Ualá;?? Gasto;;Reserva;;3;2026
5/3/2026 14:22;85832,31;Ualá;?? Gasto;;Reserva;;3;2026
5/3/2026 14:30;300000;Ualá;?? Gasto;;Ahorro;;3;2026
5/3/2026 14:42;100241,58;Ualá;?? Ingreso;Reserva;;9/12 PS5;3;2026
5/3/2026 14:42;100241,58;Ualá;?? Gasto;;Suscripciones/Cuotas;PS5;3;2026
5/3/2026 18:05;10000;Efectivo;?? Gasto;;Peluquería;Peluquería;3;2026
6/3/2026 10:49;21333,34;Ualá;?? Gasto;;Regalo;Regalo Albelda;3;2026
8/3/2026 10:47;19000;Mercado Pago;?? Gasto;;Fútbol;Fulbo $11 + estacionamiento $8;3;2026
9/3/2026 09:33;6000;Ualá;?? Gasto;;MDQ;Atalaya;3;2026
9/3/2026 11:56;30502,5;Ualá;?? Gasto;;MDQ;Nafta;3;2026
9/3/2026 13:54;10000;Ualá;?? Gasto;;MDQ;Estacionamiento MDQ;3;2026
9/3/2026 14:46;76500;Mercado Pago;?? Gasto;;MDQ;Hotel Caribe;3;2026
9/3/2026 19:54;2615;Ualá;?? Gasto;;MDQ;Birras Guemes;3;2026
9/3/2026 20:43;23450;Mercado Pago;?? Gasto;;MDQ;TMT Hamburguesas;3;2026
10/3/2026 10:47;1300;Mercado Pago;?? Gasto;;MDQ;Bidón agua;3;2026
13/3/2026 14:48;120250;Ualá;?? Gasto;;Transferencia;;3;2026
17/3/2026 10:09;199758,42;Ualá;?? Ingreso;Reserva;;;3;2026
17/3/2026 10:13;120250;Mercado Pago;?? Ingreso;Transferencia;;;3;2026
17/3/2026 10:18;16000;Ualá;?? Gasto;;Caro;Cena Caro;3;2026
17/3/2026 10:19;10000;Ualá;?? Gasto;;Fútbol;Soderos;3;2026
17/3/2026 10:21;232309,58;Ualá;?? Gasto;;MDQ;Corrección MDQ;3;2026
17/3/2026 10:39;12100;Efectivo;?? Gasto;;MDQ;Corrección MDQ;3;2026
31/3/2026 16:00;100000;Brubank;?? Ingreso;Ahorro;;;3;2026
31/3/2026 16:00;100;Efectivo;?? Gasto;;Corrección;;3;2026
31/3/2026 16:00;23226,92;Ualá;?? Gasto;;Corrección;;3;2026
31/3/2026 16:00;80503,35;Brubank;?? Gasto;;Corrección;;3;2026
31/3/2026 16:00;26174,8;Brubank;?? Gasto;;Ahorro;;3;2026
1/4/2026 16:14;1500000;Ualá;?? Ingreso;Trabajo;;;4;2026
1/4/2026 16:16;112640;Brubank;?? Gasto;;Suscripciones/Cuotas;Cursor;4;2026
1/4/2026 16:18;46091,47;Brubank;?? Gasto;;Suscripciones/Cuotas;1/1 Regalos Caro MELI;4;2026
1/4/2026 16:20;18132,5;Brubank;?? Gasto;;Suscripciones/Cuotas;1/1 Amargos casa Loli;4;2026
1/4/2026 16:24;25000;Brubank;?? Gasto;;Suscripciones/Cuotas;1/1 Pastas La Juvenil;4;2026
1/4/2026 16:25;14990;Brubank;?? Gasto;;Suscripciones/Cuotas;1/1 Mostaza con UCA en casa;4;2026
1/4/2026 16:26;48200;Brubank;?? Gasto;;Suscripciones/Cuotas;1/1 Big Pons con UCA;4;2026
1/4/2026 16:31;14100;Brubank;?? Gasto;;Suscripciones/Cuotas;5/6 Opal;4;2026
1/4/2026 16:32;6599,99;Brubank;?? Gasto;;Suscripciones/Cuotas;Tarjeta Cred Brubank;4;2026
1/4/2026 16:33;285753,96;Brubank;?? Ingreso;Transferencia;;;4;2026
1/4/2026 16:33;285753,96;Ualá;?? Gasto;;Transferencia;;4;2026
1/4/2026 16:37;314500;Ualá;?? Gasto;;VidaAdulta;;4;2026
1/4/2026 16:49;32250,78;Ualá;?? Gasto;;VidaAdulta;ARCA;4;2026
1/4/2026 16:50;60000;Ualá;?? Gasto;;Viaje Caro;Plazo Fijo Caro;4;2026
1/4/2026 16:51;200000;Ualá;?? Gasto;;Ahorro;;4;2026
1/4/2026 17:34;10000;Brubank;?? Ingreso;Transferencia;;;4;2026
1/4/2026 17:34;10000;Ualá;?? Gasto;;Transferencia;;4;2026
4/4/2026 00:24;1591;Ualá;?? Gasto;;Corrección;Mala cuenta, papá pagó de menos;4;2026
4/4/2026 13:14;10000;Ualá;?? Gasto;;Comidas/Cafés;Hambur Sofi;4;2026
5/4/2026 20:07;29400;Ualá;?? Gasto;;Eventos/Salidas;Carne + Estac Gaspi;4;2026
5/4/2026 20:07;11000;Ualá;?? Gasto;;Caro;Cafe Caro;4;2026
5/4/2026 20:08;15000;Ualá;?? Gasto;;Caro;Teatro a gorra;4;2026
7/4/2026 18:05;4476,5;Ualá;?? Gasto;;Comidas/Cafés;Atalaya UCA;4;2026
9/4/2026 20:24;100241,58;Ualá;?? Gasto;;Suscripciones/Cuotas;9/12 PS5;4;2026
9/4/2026 20:32;6454,4;Brubank;?? Gasto;;Sube/Uber/Cabify;Colectivos;4;2026
10/4/2026 20:48;8600;Ualá;?? Gasto;;Eventos/Salidas;Cine Súper Mario;4;2026
13/4/2026 15:12;0;Ualá;?? Gasto;;Eventos/Salidas;Cine Mario Bros;4;2026
13/4/2026 15:13;11315;Ualá;?? Gasto;;Caro;Birras/PapMant Cena Caro;4;2026
13/4/2026 15:14;10820;Ualá;?? Gasto;;Caro;Uvas y palta;4;2026
13/4/2026 15:14;6000;Ualá;?? Gasto;;Varios;Estacionamiento Román;4;2026
13/4/2026 15:16;10800;Ualá;?? Gasto;;Comidas/Cafés;McDonald;4;2026
13/4/2026 15:17;12000;Ualá;?? Gasto;;Eventos/Salidas;Asado Gaspi;4;2026
13/4/2026 15:21;11111;Ualá;?? Gasto;;Fútbol;Partido;4;2026
13/4/2026 20:52;19094,5;Ualá;?? Gasto;;Caro;Sushi Naval;4;2026
14/4/2026 10:31;49350;Ualá;?? Gasto;;Caro;Posdata Café;4;2026
17/4/2026 16:28;50000;Ualá;?? Ingreso;Mamá/Papá;;Sube;4;2026
17/4/2026 16:29;28699;Ualá;?? Gasto;;Bolucompras;Adapt USB-Ethernet;4;2026
17/4/2026 16:34;16000;Ualá;?? Gasto;;Transferencia;;4;2026
17/4/2026 16:34;16000;Brubank;?? Ingreso;Transferencia;;;4;2026
17/4/2026 16:35;12475,32;Brubank;?? Gasto;;Sube/Uber/Cabify;Sube;4;2026
18/4/2026 12:05;16500;Ualá;?? Gasto;;Caro;Cafe Negro - Canillita;4;2026
18/4/2026 12:05;9530;Ualá;?? Gasto;;Regalo;Regalo Gaspi;4;2026
18/4/2026 12:08;840,95;Brubank;?? Gasto;;Sube/Uber/Cabify;;4;2026
20/4/2026 12:32;3528;Brubank;?? Gasto;;Sube/Uber/Cabify;Sube;4;2026
20/4/2026 12:35;1899;Ualá;?? Gasto;;Sube/Uber/Cabify;Uber Acosta;4;2026
20/4/2026 12:46;6500;Ualá;?? Gasto;;Caro;Helado Mamushka;4;2026
21/4/2026 02:12;2701,33;Brubank;?? Gasto;;Sube/Uber/Cabify;Subte;4;2026
21/4/2026 02:14;10000;Galicia;?? Ingreso;Transferencia;;Sube;4;2026
21/4/2026 02:14;10000;Ualá;?? Gasto;;Transferencia;Sube Galicia;4;2026
21/4/2026 02:20;1900;Ualá;?? Gasto;;Comidas/Cafés;Don satur;4;2026
22/4/2026 16:57;3400;Ualá;?? Gasto;;Comidas/Cafés;Don saturs;4;2026
24/4/2026 14:02;12000;Ualá;?? Gasto;;Regalo;Regalo camsss;4;2026
24/4/2026 22:31;2600;Ualá;?? Gasto;;Comidas/Cafés;Pan para flia;4;2026
24/4/2026 22:31;12000;Ualá;?? Gasto;;Regalo;Regalo camss;4;2026
24/4/2026 22:38;1414;Brubank;?? Ingreso;Transferencia;;;4;2026
24/4/2026 22:38;1414;Brubank;?? Gasto;;Sube/Uber/Cabify;Sube;4;2026
24/4/2026 22:39;1414;Ualá;?? Gasto;;Transferencia;Sube;4;2026
25/4/2026 14:06;1414;Ualá;?? Gasto;;Sube/Uber/Cabify;Sube;4;2026
25/4/2026 23:06;33650;Ualá;?? Gasto;;Caro;Bodegón;4;2026
26/4/2026 22:08;10019,95;Ualá;?? Gasto;;Caro;Uber + Disco Mc&Cheese;4;2026
28/4/2026 14:11;13167,54;Ualá;?? Gasto;;Transferencia;;4;2026
28/4/2026 14:11;13167,54;Brubank;?? Ingreso;Transferencia;;;4;2026
29/4/2026 14:09;10000;Ualá;?? Gasto;;Fútbol;Soderos FC;4;2026
29/4/2026 14:12;2828;Ualá;?? Gasto;;Sube/Uber/Cabify;;4;2026
29/4/2026 14:13;4707,4;Brubank;?? Gasto;;Sube/Uber/Cabify;;4;2026
29/4/2026 14:15;2800;Galicia;?? Gasto;;Caro;Alfajor + gomitas;4;2026
29/4/2026 14:15;2062;Galicia;?? Gasto;;Sube/Uber/Cabify;;4;2026
29/4/2026 14:16;5138,01;Galicia;?? Gasto;;Transferencia;;4;2026
29/4/2026 14:16;5138,01;Ualá;?? Ingreso;Transferencia;;;4;2026
29/4/2026 20:41;1679,72;Ualá;?? Gasto;;Sube/Uber/Cabify;Sube;4;2026
29/4/2026 20:41;8650;Ualá;?? Gasto;;Bolucompras;Mouse;4;2026
29/4/2026 20:41;7500;Ualá;?? Gasto;;Caro;La mantequería;4;2026
29/4/2026 20:41;2192,86;Brubank;?? Gasto;;Sube/Uber/Cabify;sube;4;2026
29/4/2026 20:41;12350,8;Ualá;?? Gasto;;Eventos/Salidas;Cena tu vieja;4;2026
29/4/2026 20:41;10000;Ualá;?? Gasto;;Fútbol;Soderos FC;4;2026
29/4/2026 20:41;13181;Ualá;?? Gasto;;Fútbol;Partido info;4;2026
29/4/2026 20:41;9000;Ualá;?? Gasto;;Eventos/Salidas;Bebidas cena tonelli;4;2026
29/4/2026 20:41;14100;Ualá;?? Gasto;;Comidas/Cafés;Almuerzo UCA roll;4;2026
29/4/2026 20:41;29000;Ualá;?? Gasto;;Caro;Helado Mamushka;4;2026
29/4/2026 20:41;9412,82;Brubank;?? Gasto;;Sube/Uber/Cabify;Sube;4;2026
29/4/2026 20:41;78125,24;Ualá;?? Gasto;;Ahorro;;4;2026
4/5/2026 13:45;1500000;Ualá;?? Ingreso;Trabajo;;;5;2026
4/5/2026 13:48;484500;Ualá;?? Gasto;;VidaAdulta;UCA;5;2026
4/5/2026 13:49;48250,78;Ualá;?? Gasto;;VidaAdulta;ARCA;5;2026
4/5/2026 13:54;60000;Ualá;?? Gasto;;Viaje Caro;Plazo fijo viaje caro;5;2026
4/5/2026 14:05;44839,46;Ualá;?? Gasto;;Suscripciones/Cuotas;Crédito Opal;5;2026
4/5/2026 14:12;400000;Ualá;?? Gasto;;Ahorro;;5;2026
7/5/2026 14:53;8057,15;Ualá;?? Gasto;;Eventos/Salidas;Cotillón recibida martu;5;2026
7/5/2026 14:54;8000;Ualá;?? Gasto;;Bolucompras;snpct;5;2026
7/5/2026 14:54;14100;Ualá;?? Gasto;;Comidas/Cafés;Almuerzo UCA;5;2026
7/5/2026 14:54;10230;Ualá;?? Gasto;;Eventos/Salidas;Recibida martu cosas para tirar;5;2026
7/5/2026 14:56;2953,32;Ualá;?? Gasto;;Comidas/Cafés;Gematic UCA;5;2026
7/5/2026 14:56;20000;Ualá;?? Gasto;;Transferencia;sube;5;2026
7/5/2026 14:56;20000;Brubank;?? Ingreso;Transferencia;;sube;5;2026
7/5/2026 14:59;6709,86;Brubank;?? Gasto;;Sube/Uber/Cabify;;5;2026
7/5/2026 19:38;11114;Ualá;?? Gasto;;Caro;Doritos y Coca;5;2026
8/5/2026 20:38;13181;Ualá;?? Gasto;;Fútbol;Haram FC;5;2026
9/5/2026 12:37;10000;Ualá;?? Gasto;;Fútbol;Soderos FC;5;2026
9/5/2026 12:37;6000;Ualá;?? Gasto;;VidaAdulta;Pan flia;5;2026
9/5/2026 12:52;1679,72;Brubank;?? Gasto;;Sube/Uber/Cabify;Sube;5;2026
